,timestamp,accel_x,accel_y,accel_z,gyro_x,gyro_y,gyro_z,ind
0,1728004535687,0.09814453,-0.012268066,-0.9163208,1.875,3.890625,-0.09375,0
1,1728004535727,0.072265625,-0.0115356445,-0.9319458,1.421875,3.4375,0.109375,1
2,1728004535767,0.068603516,-0.006164551,-0.9456177,1.453125,2.859375,-0.015625,2
3,1728004535807,0.07080078,-0.0049438477,-0.95318604,1.5,2.6875,-0.09375,3
4,1728004535847,0.08105469,0.0004272461,-0.98565674,1.03125,2.46875,-0.25,4
5,1728004535887,0.08129883,-0.00030517578,-1.0020142,0.71875,1.828125,-0.140625,5
6,1728004535927,0.07739258,0.013122559,-0.97735596,1.796875,2.421875,-0.234375,6
7,1728004535967,0.06958008,-0.00030517578,-0.9524536,0.890625,1.90625,-0.328125,7
8,1728004536007,0.06640625,0.012634277,-0.93048096,0.640625,1.71875,-0.375,8
9,1728004536047,0.07128906,0.0053100586,-0.9561157,0.1875,2.28125,-0.078125,9
10,1728004536087,0.07055664,0.014343262,-0.9522095,1.359375,2.015625,-0.09375,10
11,1728004536127,0.059570312,0.012634277,-0.9468384,1.453125,1.84375,-0.171875,11
12,1728004536167,0.06201172,0.010925293,-0.96099854,0.484375,1.453125,-0.1875,12
13,1728004536207,0.052734375,0.009460449,-0.96343994,-0.171875,1.578125,-0.234375,13
14,1728004536247,0.061767578,0.01727295,-0.97784424,-0.3125,1.171875,-0.25,14
15,1728004536287,0.060302734,0.010681152,-0.975647,0.65625,1.1875,-0.125,15
16,1728004536327,0.053710938,0.019470215,-0.97491455,1.671875,1.328125,-0.125,16
17,1728004536367,0.049316406,0.018493652,-0.95147705,1.796875,1.484375,-0.078125,17
18,1728004536407,0.057861328,0.012634277,-0.9463501,1.171875,1.09375,-0.125,18
19,1728004536447,0.052734375,0.026794434,-0.9446411,0.53125,0.921875,-0.328125,19
20,1728004536487,0.053222656,0.023864746,-0.95977783,0.09375,0.71875,-0.25,20
21,1728004536527,0.056884766,0.029968262,-0.9807739,-0.03125,0.484375,-0.28125,21
22,1728004536567,0.05493164,0.028747559,-0.97052,-0.21875,0.453125,-0.28125,22
23,1728004536607,0.056152344,0.020690918,-0.97491455,-0.296875,0.359375,-0.21875,23
24,1728004536647,0.052734375,0.02508545,-0.96539307,0.203125,0.84375,-0.28125,24
25,1728004536687,0.051513672,0.018981934,-0.94732666,0.578125,1.109375,-0.171875,25
26,1728004536727,0.05444336,0.02166748,-0.9534302,0.8125,1.109375,-0.046875,26
27,1728004536767,0.05126953,0.02557373,-0.9663696,0.046875,1.5,-0.171875,27
28,1728004536807,0.052001953,0.024597168,-0.9541626,0.0625,1.25,-0.28125,28
29,1728004536847,0.049804688,0.023864746,-0.9578247,0.171875,1.25,-0.171875,29
30,1728004536887,0.052978516,0.029724121,-0.9668579,0.125,1.015625,-0.078125,30
31,1728004536927,0.045410156,0.030212402,-0.9819946,0.3125,1.125,-0.03125,31
32,1728004536967,0.047607422,0.03387451,-0.9710083,0.8125,1.03125,-0.046875,32
33,1728004537007,0.04296875,0.043640137,-0.9702759,1.25,1.03125,-0.296875,33
34,1728004537047,0.04321289,0.038757324,-0.96759033,1.140625,1.375,-0.359375,34
35,1728004537087,0.041015625,0.032409668,-0.95440674,0.515625,0.828125,-0.34375,35
36,1728004537127,0.036865234,0.036315918,-0.94659424,0.328125,0.515625,-0.328125,36
37,1728004537167,0.034179688,0.032165527,-0.94976807,0.953125,0.84375,-0.34375,37
38,1728004537207,0.044189453,0.03387451,-0.9690552,0.859375,0.640625,-0.140625,38
39,1728004537247,0.043945312,0.047546387,-0.96661377,1.0,0.734375,-0.28125,39
40,1728004537287,0.040283203,0.042175293,-0.96954346,0.375,0.84375,-0.3125,40
41,1728004537327,0.043701172,0.038269043,-0.958313,-0.34375,1.0625,-0.21875,41
42,1728004537367,0.044433594,0.038757324,-0.97003174,-0.53125,0.84375,-0.140625,42
43,1728004537407,0.03930664,0.048034668,-0.9607544,0.265625,1.546875,-0.09375,43
44,1728004537447,0.028320312,0.04876709,-0.9480591,0.765625,1.921875,-0.171875,44
45,1728004537487,0.03100586,0.038024902,-0.9697876,1.171875,1.71875,-0.03125,45
46,1728004537527,0.037353516,0.04852295,-0.9631958,1.296875,2.03125,-0.140625,46
47,1728004537567,0.033447266,0.042907715,-0.97198486,0.21875,1.078125,-0.296875,47
48,1728004537607,0.039794922,0.043151855,-0.97198486,0.171875,1.0625,-0.1875,48
49,1728004537647,0.027832031,0.04925537,-0.95635986,0.578125,1.109375,-0.109375,49
50,1728004537687,0.024414062,0.049987793,-0.95513916,1.203125,1.28125,-0.1875,50
51,1728004537727,0.028564453,0.046813965,-0.9607544,1.234375,0.984375,-0.234375,51
52,1728004537767,0.025634766,0.05218506,-0.9624634,0.9375,1.25,-0.125,52
53,1728004537807,0.024658203,0.053894043,-0.96710205,0.671875,1.46875,-0.171875,53
54,1728004537847,0.025878906,0.062683105,-0.95513916,0.609375,1.421875,-0.203125,54
55,1728004537887,0.022705078,0.06072998,-0.96881104,0.296875,1.46875,-0.046875,55
56,1728004537927,0.021972656,0.0680542,-0.9758911,0.015625,0.953125,-0.234375,56
57,1728004537967,0.020019531,0.05609131,-0.97320557,0.1875,1.328125,-0.21875,57
58,1728004538007,0.01953125,0.062194824,-0.96759033,-0.234375,1.15625,-0.140625,58
59,1728004538047,0.013427734,0.054138184,-0.9458618,0.328125,0.8125,-0.28125,59
60,1728004538087,0.013916016,0.055603027,-0.9561157,0.0625,0.609375,0.0625,60
61,1728004538127,0.013671875,0.06439209,-0.97369385,-0.25,0.453125,-0.109375,61
62,1728004538167,0.015136719,0.06439209,-0.9702759,0.109375,0.53125,-0.125,62
63,1728004538207,0.018066406,0.06048584,-0.96417236,-0.203125,0.203125,-0.0625,63
64,1728004538247,0.020019531,0.06048584,-0.95977783,-0.125,-0.328125,-0.125,64
65,1728004538287,0.018066406,0.062438965,-0.9710083,-0.125,-0.25,-0.078125,65
66,1728004538327,0.020263672,0.059753418,-0.9578247,0.25,0.0,-0.03125,66
67,1728004538367,0.01953125,0.059509277,-0.9619751,-0.5,-0.296875,-0.015625,67
68,1728004538407,0.017333984,0.055603027,-0.9573364,-0.609375,-0.421875,-0.03125,68
69,1728004538447,0.028564453,0.055114746,-0.9780884,-0.65625,-0.53125,-0.015625,69
70,1728004538487,0.026367188,0.062194824,-0.9663696,-0.25,-0.265625,0.03125,70
71,1728004538527,0.0234375,0.06463623,-0.95928955,-0.359375,-0.328125,-0.109375,71
72,1728004538567,0.026611328,0.06317139,-0.97442627,0.0625,0.265625,-0.046875,72
73,1728004538607,0.01953125,0.06097412,-0.96661377,0.65625,0.875,-0.140625,73
74,1728004538647,0.020019531,0.058044434,-0.9631958,0.4375,1.015625,-0.296875,74
75,1728004538687,0.020019531,0.055847168,-0.9651489,0.53125,1.015625,-0.234375,75
76,1728004538727,0.023925781,0.0602417,-0.96173096,0.328125,0.6875,-0.078125,76
77,1728004538767,0.026123047,0.06585693,-0.9602661,0.40625,0.6875,-0.140625,77
78,1728004538807,0.02368164,0.061462402,-0.9741821,-0.078125,0.859375,0.15625,78
79,1728004538847,0.028808594,0.06878662,-0.97076416,0.546875,0.640625,-0.078125,79
80,1728004538887,0.0234375,0.0602417,-0.9644165,0.34375,0.84375,-0.109375,80
81,1728004538927,0.018310547,0.066589355,-0.9636841,0.78125,1.375,-0.15625,81
82,1728004538967,0.014160156,0.058532715,-0.9507446,0.8125,1.015625,-0.109375,82
83,1728004539007,0.016845703,0.06317139,-0.9561157,0.671875,0.96875,-0.1875,83
84,1728004539047,0.015625,0.070739746,-0.96221924,0.265625,1.046875,-0.171875,84
85,1728004539087,0.020263672,0.07147217,-0.96466064,0.390625,0.5625,-0.078125,85
86,1728004539127,0.020751953,0.070007324,-0.96881104,0.390625,0.46875,-0.15625,86
87,1728004539167,0.011474609,0.06781006,-0.9697876,0.3125,0.21875,-0.03125,87
88,1728004539207,0.014404297,0.07269287,-0.9729614,0.125,0.609375,-0.140625,88
89,1728004539247,0.017822266,0.07366943,-0.95440674,0.421875,0.515625,-0.109375,89
90,1728004539287,0.013916016,0.074157715,-0.9546509,0.421875,0.4375,-0.0625,90
91,1728004539327,0.011230469,0.074401855,-0.960022,0.53125,0.40625,-0.046875,91
92,1728004539367,0.021972656,0.07489014,-0.9668579,0.46875,0.328125,-0.140625,92
93,1728004539407,0.017578125,0.07366943,-0.96295166,0.5,0.34375,-0.03125,93
94,1728004539447,0.026123047,0.07611084,-0.96295166,0.359375,0.3125,-0.140625,94
95,1728004539487,0.022216797,0.07098389,-0.96343994,0.46875,1.25,-0.109375,95
96,1728004539527,0.011962891,0.08123779,-0.96173096,0.875,1.921875,-0.171875,96
97,1728004539567,0.013427734,0.078552246,-0.9619751,1.1875,2.21875,-0.34375,97
98,1728004539607,0.012451172,0.08441162,-0.9607544,0.8125,0.71875,-0.1875,98
99,1728004539647,0.011230469,0.08099365,-0.95806885,0.5625,0.8125,-0.140625,99
100,1728004539687,0.005859375,0.08465576,-0.9663696,0.03125,0.375,-0.15625,100
101,1728004539727,0.008056641,0.085876465,-0.95977783,0.0625,0.375,0.0,101
102,1728004539767,0.013427734,0.08782959,-0.9656372,0.53125,0.765625,-0.1875,102
103,1728004539807,0.0087890625,0.081726074,-0.96588135,0.46875,1.109375,-0.09375,103
104,1728004539847,0.005859375,0.090026855,-0.96099854,0.84375,0.9375,-0.203125,104
105,1728004539887,0.0061035156,0.09515381,-0.97052,0.546875,0.734375,-0.109375,105
106,1728004539927,0.0031738281,0.08538818,-0.9570923,1.0625,0.921875,-0.203125,106
107,1728004539967,0.006591797,0.08538818,-0.9624634,0.703125,0.953125,-0.109375,107
108,1728004540007,0.01171875,0.090270996,-0.9656372,0.09375,0.734375,-0.140625,108
109,1728004540047,0.008056641,0.0914917,-0.9639282,0.28125,0.734375,-0.140625,109
110,1728004540087,0.0068359375,0.09320068,-0.9690552,0.046875,0.59375,-0.015625,110
111,1728004540127,0.0021972656,0.098083496,-0.96588135,-0.0625,0.9375,-0.0625,111
112,1728004540167,0.0,0.09124756,-0.96466064,0.265625,0.859375,-0.125,112
113,1728004540207,0.0053710938,0.09857178,-0.95806885,0.296875,1.125,-0.203125,113
114,1728004540247,0.0036621094,0.09954834,-0.9607544,0.125,0.984375,-0.375,114
115,1728004540287,0.0075683594,0.09588623,-0.95513916,-0.046875,0.84375,-0.265625,115
116,1728004540327,-0.0056152344,0.09295654,-0.96295166,-0.28125,0.359375,-0.171875,116
117,1728004540367,0.0017089844,0.09490967,-0.956604,-0.078125,0.6875,-0.125,117
118,1728004540407,0.0012207031,0.098083496,-0.9751587,-0.484375,0.65625,-0.203125,118
119,1728004540447,0.0024414062,0.08856201,-0.96173096,0.078125,0.921875,-0.296875,119
120,1728004540487,0.0017089844,0.09539795,-0.96417236,0.15625,0.875,-0.234375,120
121,1728004540527,-0.005126953,0.09100342,-0.9541626,-0.046875,0.984375,-0.078125,121
122,1728004540567,-0.0031738281,0.09515381,-0.96343994,0.015625,0.90625,-0.1875,122
123,1728004540607,0.0,0.09661865,-0.96343994,0.046875,0.859375,-0.28125,123
124,1728004540647,0.00048828125,0.09906006,-0.9651489,0.171875,1.046875,-0.125,124
125,1728004540687,-0.0009765625,0.09881592,-0.9685669,0.203125,0.96875,-0.1875,125
126,1728004540727,-0.0041503906,0.09295654,-0.9663696,-0.125,1.125,-0.21875,126
127,1728004540767,-0.0021972656,0.093688965,-0.9578247,0.21875,0.984375,-0.0625,127
128,1728004540807,-0.0061035156,0.09637451,-0.9627075,0.0,0.65625,-0.078125,128
129,1728004540847,-0.0075683594,0.0927124,-0.9624634,0.0,0.8125,-0.15625,129
130,1728004540887,-0.0056152344,0.10223389,-0.95880127,-0.03125,0.65625,-0.046875,130
131,1728004540927,-0.010498047,0.0914917,-0.9612427,0.0,0.46875,-0.109375,131
132,1728004540967,-0.0029296875,0.09906006,-0.960022,-0.125,0.5,-0.203125,132
133,1728004541007,-0.012207031,0.098083496,-0.96954346,-0.125,0.765625,-0.21875,133
134,1728004541047,-0.009765625,0.09954834,-0.9678345,-0.125,0.28125,-0.21875,134
135,1728004541087,-0.0048828125,0.098083496,-0.95684814,-0.171875,0.765625,-0.171875,135
136,1728004541127,-0.009033203,0.10076904,-0.9624634,-0.140625,0.71875,-0.078125,136
137,1728004541167,-0.0063476562,0.09466553,-0.95440674,-0.203125,0.59375,-0.046875,137
138,1728004541207,-0.010498047,0.097351074,-0.9644165,-0.25,0.640625,-0.078125,138
139,1728004541247,-0.010253906,0.09686279,-0.95928955,-0.328125,0.609375,-0.078125,139
140,1728004541287,-0.0075683594,0.10369873,-0.9673462,-0.34375,0.53125,-0.234375,140
141,1728004541327,-0.011474609,0.10491943,-0.95977783,-0.34375,0.828125,-0.125,141
142,1728004541367,-0.012451172,0.10321045,-0.9561157,-0.046875,0.703125,-0.25,142
143,1728004541407,-0.012207031,0.101745605,-0.9602661,0.0625,0.78125,-0.125,143
144,1728004541447,-0.011474609,0.09539795,-0.9624634,-0.03125,0.78125,-0.34375,144
145,1728004541487,-0.017822266,0.09588623,-0.9602661,-0.125,0.765625,-0.15625,145
146,1728004541527,-0.0078125,0.09637451,-0.9651489,-0.140625,0.40625,-0.296875,146
147,1728004541567,-0.008300781,0.097839355,-0.96099854,-0.234375,0.796875,-0.140625,147
148,1728004541607,-0.011962891,0.10003662,-0.9614868,-0.0625,0.5625,-0.1875,148
149,1728004541647,-0.009521484,0.10247803,-0.9644165,-0.1875,0.484375,-0.140625,149
150,1728004541687,-0.009277344,0.101745605,-0.9573364,-0.28125,0.5625,-0.109375,150
151,1728004541727,-0.011962891,0.09881592,-0.9612427,-0.171875,0.640625,-0.046875,151
152,1728004541767,-0.01586914,0.105407715,-0.9534302,-0.28125,0.28125,-0.21875,152
153,1728004541807,-0.01171875,0.105163574,-0.9656372,-0.25,0.90625,-0.078125,153
154,1728004541847,-0.014160156,0.09686279,-0.9663696,-0.421875,0.546875,-0.1875,154
155,1728004541887,-0.014892578,0.09710693,-0.9570923,-0.375,0.03125,-0.046875,155
156,1728004541927,-0.017333984,0.09979248,-0.9627075,-0.34375,-0.203125,-0.0625,156
157,1728004541967,-0.010253906,0.09539795,-0.9614868,-0.921875,-0.328125,-0.03125,157
158,1728004542007,-0.0126953125,0.101501465,-0.9631958,-0.578125,-0.234375,-0.140625,158
159,1728004542047,-0.0146484375,0.09979248,-0.96099854,-0.5,-0.046875,-0.15625,159
160,1728004542087,-0.009033203,0.09954834,-0.954895,-0.328125,0.140625,-0.09375,160
161,1728004542127,-0.009277344,0.10247803,-0.95684814,-0.171875,0.09375,-0.3125,161
162,1728004542167,-0.010009766,0.101501465,-0.96051025,-0.21875,0.1875,-0.125,162
163,1728004542207,-0.008300781,0.09906006,-0.96881104,-0.28125,-0.046875,-0.109375,163
164,1728004542247,-0.013671875,0.09588623,-0.95758057,-0.28125,0.109375,-0.078125,164
165,1728004542287,-0.013671875,0.097839355,-0.97320557,-0.359375,0.203125,0.0,165
166,1728004542327,-0.010009766,0.097839355,-0.96099854,-0.25,0.125,-0.046875,166
167,1728004542367,-0.010009766,0.09954834,-0.96343994,-0.359375,0.375,-0.015625,167
168,1728004542407,-0.0087890625,0.10076904,-0.9536743,-0.109375,0.5625,0.03125,168
169,1728004542447,-0.006591797,0.09442139,-0.9578247,-0.046875,0.46875,-0.171875,169
170,1728004542487,-0.008300781,0.09906006,-0.95391846,-0.234375,0.0,-0.15625,170
171,1728004542527,-0.0146484375,0.09710693,-0.960022,0.046875,0.59375,-0.0625,171
172,1728004542567,-0.009765625,0.09881592,-0.9631958,-0.515625,0.15625,-0.25,172
173,1728004542607,-0.0073242188,0.10076904,-0.9644165,-0.5,0.265625,-0.09375,173
174,1728004542647,-0.013427734,0.09564209,-0.9697876,-0.421875,0.421875,-0.171875,174
175,1728004542687,-0.010498047,0.09906006,-0.9602661,-0.421875,0.3125,-0.078125,175
176,1728004542727,-0.0075683594,0.10467529,-0.9578247,-0.328125,0.328125,-0.046875,176
177,1728004542767,-0.010253906,0.09661865,-0.95806885,-0.375,0.203125,-0.171875,177
178,1728004542807,-0.008056641,0.10028076,-0.96466064,-0.328125,0.390625,-0.203125,178
179,1728004542847,-0.0068359375,0.097839355,-0.9651489,-0.5,0.25,-0.234375,179
180,1728004542887,-0.009277344,0.093688965,-0.9607544,-0.21875,0.453125,-0.15625,180
181,1728004542927,-0.0053710938,0.1005249,-0.96881104,-0.28125,0.171875,0.015625,181
182,1728004542967,-0.0034179688,0.097839355,-0.9649048,-0.171875,0.328125,-0.1875,182
183,1728004543007,-0.009033203,0.10028076,-0.9651489,-0.125,0.328125,-0.140625,183
184,1728004543047,-0.006591797,0.09637451,-0.95635986,-0.171875,0.28125,-0.078125,184
185,1728004543087,-0.0024414062,0.093444824,-0.95928955,-0.546875,0.09375,-0.046875,185
186,1728004543127,0.00048828125,0.09857178,-0.96295166,-0.265625,0.1875,0.0,186
187,1728004543167,-0.005126953,0.09295654,-0.9612427,-0.359375,-0.140625,-0.234375,187
188,1728004543207,-0.005859375,0.093933105,-0.9631958,-0.40625,0.125,0.046875,188
189,1728004543247,-0.0043945312,0.09320068,-0.9710083,-0.53125,0.28125,-0.140625,189
190,1728004543287,-0.0036621094,0.0993042,-0.9570923,-0.171875,0.234375,-0.15625,190
191,1728004543327,-0.004638672,0.09442139,-0.95977783,0.0,0.546875,-0.15625,191
192,1728004543367,-0.007080078,0.09979248,-0.9668579,-0.21875,0.640625,-0.0625,192
193,1728004543407,-0.009033203,0.09246826,-0.95928955,-0.078125,0.53125,-0.171875,193
194,1728004543447,0.0031738281,0.09564209,-0.96954346,-0.046875,0.234375,-0.015625,194
195,1728004543487,-0.004638672,0.09539795,-0.9602661,-0.171875,0.296875,-0.15625,195
196,1728004543527,-0.00390625,0.10028076,-0.9651489,-0.328125,0.3125,-0.125,196
197,1728004543567,-0.0075683594,0.10003662,-0.96539307,-0.296875,0.265625,-0.109375,197
198,1728004543607,-0.011962891,0.09320068,-0.9639282,-0.234375,0.25,-0.203125,198
199,1728004543647,-0.0034179688,0.09442139,-0.9649048,-0.296875,0.125,0.078125,199
200,1728004543687,-0.00390625,0.098083496,-0.9619751,-0.140625,0.203125,-0.09375,200
201,1728004543727,-0.0036621094,0.094177246,-0.9636841,-0.234375,0.265625,-0.125,201
202,1728004543767,-0.00024414062,0.0993042,-0.9607544,-0.3125,0.234375,-0.0625,202
203,1728004543807,-0.011962891,0.09906006,-0.956604,-0.375,0.25,-0.03125,203
204,1728004543847,-0.0053710938,0.09320068,-0.9673462,-0.078125,0.234375,-0.125,204
205,1728004543887,-0.0007324219,0.08856201,-0.9680786,-0.09375,-0.3125,-0.234375,205
206,1728004543927,0.0,0.09637451,-0.9668579,0.109375,0.53125,-0.171875,206
207,1728004543967,-0.0024414062,0.0993042,-0.9619751,-0.078125,0.5625,-0.1875,207
208,1728004544007,-0.0043945312,0.09222412,-0.9573364,-0.140625,0.40625,-0.203125,208
209,1728004544047,-0.0034179688,0.097351074,-0.9602661,-0.59375,0.40625,-0.1875,209
210,1728004544087,-0.0017089844,0.09710693,-0.9627075,-0.390625,0.3125,-0.25,210
211,1728004544127,0.0,0.09661865,-0.9639282,-0.15625,0.375,0.0,211
212,1728004544167,-0.001953125,0.10467529,-0.9729614,0.140625,0.5625,-0.140625,212
213,1728004544207,-0.0012207031,0.09442139,-0.9673462,0.3125,0.84375,-0.03125,213
214,1728004544247,0.00048828125,0.09661865,-0.97198486,0.0625,0.59375,-0.015625,214
215,1728004544287,-0.0007324219,0.097351074,-0.96099854,-0.1875,0.484375,-0.046875,215
216,1728004544327,-0.009521484,0.09832764,-0.95147705,-0.046875,0.328125,-0.109375,216
217,1728004544367,0.0017089844,0.10028076,-0.9619751,-0.234375,0.03125,-0.03125,217
218,1728004544407,0.001953125,0.105895996,-0.9624634,0.140625,0.65625,0.015625,218
219,1728004544447,-0.0056152344,0.09564209,-0.9636841,0.015625,0.296875,-0.234375,219
220,1728004544487,-0.0021972656,0.10101318,-0.9639282,-0.25,0.296875,-0.140625,220
221,1728004544527,0.001953125,0.1005249,-0.95684814,-0.0625,0.359375,-0.109375,221
222,1728004544567,0.0014648438,0.09857178,-0.96832275,-0.203125,0.21875,-0.25,222
223,1728004544607,0.00024414062,0.097839355,-0.9714966,-0.234375,-0.125,-0.171875,223
224,1728004544647,-0.0034179688,0.09954834,-0.96539307,0.03125,0.515625,-0.171875,224
225,1728004544687,0.0017089844,0.09490967,-0.9590454,0.03125,0.421875,-0.171875,225
226,1728004544727,-0.00390625,0.09637451,-0.96173096,0.140625,0.515625,-0.125,226
227,1728004544767,-0.0021972656,0.097351074,-0.95880127,-0.078125,0.046875,-0.15625,227
228,1728004544807,0.0007324219,0.105407715,-0.95758057,-0.1875,-0.1875,-0.1875,228
229,1728004544847,-0.00024414062,0.10296631,-0.9619751,-0.0625,0.40625,-0.21875,229
230,1728004544887,0.0034179688,0.098083496,-0.96295166,-0.046875,0.6875,-0.125,230
231,1728004544927,-0.005126953,0.10443115,-0.9678345,-0.28125,1.046875,-0.125,231
232,1728004544967,0.004638672,0.098083496,-0.9612427,-0.34375,0.546875,-0.203125,232
233,1728004545007,-0.0017089844,0.10028076,-0.9595337,-0.75,0.265625,0.03125,233
234,1728004545047,-0.001953125,0.10223389,-0.956604,-0.046875,0.46875,-0.21875,234
235,1728004545087,0.001953125,0.097595215,-0.9680786,-0.03125,0.453125,-0.203125,235
236,1728004545127,-0.0026855469,0.101989746,-0.96832275,0.21875,1.03125,-0.09375,236
237,1728004545167,-0.0024414062,0.10272217,-0.96661377,0.25,1.125,-0.234375,237
238,1728004545207,-0.006591797,0.10394287,-0.9627075,-0.125,0.703125,-0.28125,238
239,1728004545247,-0.009521484,0.10345459,-0.9570923,-0.5,0.40625,-0.109375,239
240,1728004545287,-0.0053710938,0.10638428,-0.95562744,-0.1875,0.25,-0.109375,240
241,1728004545327,-0.0048828125,0.097351074,-0.95269775,-0.171875,0.28125,-0.0625,241
242,1728004545367,-0.008544922,0.10003662,-0.9590454,-0.265625,0.328125,-0.171875,242
243,1728004545407,-0.010253906,0.098083496,-0.96759033,-0.140625,0.5625,-0.078125,243
244,1728004545447,-0.0048828125,0.10467529,-0.95513916,-0.515625,0.21875,-0.21875,244
245,1728004545487,-0.0056152344,0.09490967,-0.954895,-0.203125,0.65625,-0.0625,245
246,1728004545527,-0.008544922,0.09954834,-0.960022,-0.34375,0.328125,-0.109375,246
247,1728004545567,-0.0031738281,0.09686279,-0.960022,-0.171875,0.453125,-0.09375,247
248,1728004545607,-0.0031738281,0.1071167,-0.9636841,-0.0625,0.546875,-0.0625,248
249,1728004545647,-0.0053710938,0.11053467,-0.96832275,0.0,0.921875,0.015625,249
250,1728004545687,-0.009033203,0.10296631,-0.9663696,0.109375,1.046875,-0.171875,250
251,1728004545727,-0.0053710938,0.093688965,-0.95562744,-0.1875,0.265625,0.0625,251
252,1728004545767,-0.005859375,0.098083496,-0.96221924,-0.484375,0.453125,-0.03125,252
253,1728004545807,-0.0078125,0.0993042,-0.95196533,0.4375,0.5625,-0.078125,253
254,1728004545847,-0.010009766,0.1005249,-0.9656372,0.53125,0.4375,-0.1875,254
255,1728004545887,-0.007080078,0.10736084,-0.9656372,0.671875,0.75,-0.203125,255
256,1728004545927,-0.0146484375,0.10760498,-0.9656372,0.328125,0.46875,-0.1875,256
257,1728004545967,-0.0107421875,0.109558105,-0.96588135,0.15625,0.671875,-0.125,257
258,1728004546007,-0.0048828125,0.10809326,-0.9595337,0.0625,0.640625,-0.3125,258
259,1728004546047,-0.0043945312,0.101989746,-0.95880127,0.015625,0.828125,-0.125,259
260,1728004546087,-0.009765625,0.11248779,-0.9612427,-0.015625,0.859375,-0.21875,260
261,1728004546127,-0.007080078,0.10736084,-0.95513916,-0.203125,0.46875,-0.0625,261
262,1728004546167,-0.015136719,0.10418701,-0.96466064,-0.203125,0.984375,-0.125,262
263,1728004546207,-0.010253906,0.1083374,-0.96954346,-0.3125,0.78125,-0.09375,263
264,1728004546247,-0.009521484,0.105651855,-0.95880127,-0.109375,1.171875,-0.046875,264
265,1728004546287,-0.013916016,0.10443115,-0.9656372,0.140625,0.96875,-0.21875,265
266,1728004546327,-0.011230469,0.11248779,-0.958313,-0.171875,0.46875,-0.171875,266
267,1728004546367,-0.013916016,0.10418701,-0.9624634,-0.171875,0.375,-0.09375,267
268,1728004546407,-0.0087890625,0.11175537,-0.9578247,0.078125,0.59375,-0.234375,268
269,1728004546447,-0.020019531,0.11126709,-0.9553833,0.140625,0.796875,-0.234375,269
270,1728004546487,-0.012451172,0.11053467,-0.96661377,-0.125,0.734375,-0.25,270
271,1728004546527,-0.018310547,0.11444092,-0.96588135,0.109375,0.578125,-0.203125,271
272,1728004546567,-0.01977539,0.10443115,-0.9614868,-0.0625,0.515625,-0.25,272
273,1728004546607,-0.016357422,0.11273193,-0.96417236,-0.21875,0.59375,0.015625,273
274,1728004546647,-0.015625,0.10394287,-0.9578247,-0.078125,0.65625,-0.09375,274
275,1728004546687,-0.009521484,0.113220215,-0.96539307,-0.125,0.421875,-0.125,275
276,1728004546727,-0.014404297,0.10491943,-0.9602661,-0.34375,0.40625,-0.171875,276
277,1728004546767,-0.016357422,0.105651855,-0.9517212,-0.203125,0.59375,-0.125,277
278,1728004546807,-0.017822266,0.10614014,-0.95880127,-0.21875,0.625,-0.046875,278
279,1728004546847,-0.016357422,0.11029053,-0.95880127,-0.25,0.4375,-0.15625,279
280,1728004546887,-0.014892578,0.11248779,-0.9612427,-0.203125,0.515625,-0.140625,280
281,1728004546927,-0.012939453,0.11151123,-0.96539307,-0.28125,0.734375,-0.171875,281
282,1728004546967,-0.018310547,0.1083374,-0.96295166,-0.09375,0.5625,-0.171875,282
283,1728004547007,-0.011474609,0.113708496,-0.9619751,-0.28125,0.140625,-0.125,283
284,1728004547047,-0.017333984,0.11444092,-0.9585571,-0.5625,0.390625,-0.046875,284
285,1728004547087,-0.016113281,0.11004639,-0.95806885,0.0,0.6875,-0.1875,285
286,1728004547127,-0.017822266,0.11053467,-0.9602661,-0.109375,0.640625,-0.078125,286
287,1728004547167,-0.017089844,0.10784912,-0.9668579,-0.546875,0.8125,0.015625,287
288,1728004547207,-0.020019531,0.113708496,-0.95977783,-0.25,0.59375,-0.25,288
289,1728004547247,-0.018066406,0.112976074,-0.95758057,-0.25,0.640625,-0.234375,289
290,1728004547287,-0.018554688,0.113708496,-0.95977783,-0.171875,0.578125,-0.109375,290
291,1728004547327,-0.019042969,0.11004639,-0.9612427,-0.09375,0.390625,-0.234375,291
292,1728004547367,-0.014404297,0.10784912,-0.96343994,-0.515625,0.53125,-0.15625,292
293,1728004547407,-0.021728516,0.10858154,-0.9578247,-0.21875,0.84375,-0.09375,293
294,1728004547447,-0.020507812,0.109802246,-0.956604,-0.40625,0.515625,-0.125,294
295,1728004547487,-0.020263672,0.11077881,-0.9590454,-0.21875,0.28125,-0.03125,295
296,1728004547527,-0.026855469,0.1083374,-0.9644165,-0.421875,0.390625,-0.125,296
297,1728004547567,-0.014404297,0.109802246,-0.9595337,-0.265625,-0.171875,-0.046875,297
298,1728004547607,-0.020996094,0.10858154,-0.9558716,-0.46875,-0.046875,-0.125,298
299,1728004547647,-0.01928711,0.105651855,-0.9590454,-0.578125,-0.40625,0.015625,299
300,1728004547687,-0.02368164,0.109802246,-0.95880127,-0.890625,-0.359375,-0.046875,300
301,1728004547727,-0.021728516,0.105651855,-0.9558716,-0.953125,-0.515625,-0.125,301
302,1728004547767,-0.010986328,0.09979248,-0.95635986,-1.0625,-0.296875,0.03125,302
303,1728004547807,-0.0048828125,0.101501465,-0.9644165,-1.0,-0.28125,0.078125,303
304,1728004547847,-0.014404297,0.10638428,-0.96832275,-1.46875,-1.109375,-0.15625,304
305,1728004547887,-0.0126953125,0.09320068,-0.9561157,-0.859375,-0.625,-0.171875,305
306,1728004547927,-0.013427734,0.09979248,-0.9627075,-1.328125,-0.921875,-0.015625,306
307,1728004547967,-0.011230469,0.097351074,-0.9553833,-1.0625,-0.703125,-0.109375,307
308,1728004548007,-0.004638672,0.0993042,-0.9717407,-1.484375,-0.71875,-0.078125,308
309,1728004548047,-0.004638672,0.10223389,-0.96173096,-1.078125,-0.40625,-0.109375,309
310,1728004548087,0.001953125,0.10296631,-0.9612427,-0.5625,-0.140625,-0.21875,310
311,1728004548127,-0.0029296875,0.093933105,-0.96881104,-0.8125,0.28125,-0.15625,311
312,1728004548167,-0.0063476562,0.090026855,-0.9644165,-0.875,0.171875,-0.046875,312
313,1728004548207,-0.0017089844,0.094177246,-0.9570923,-0.546875,-0.015625,-0.078125,313
314,1728004548247,-0.0041503906,0.090270996,-0.96295166,-0.703125,-0.1875,-0.109375,314
315,1728004548287,0.0,0.09637451,-0.96099854,-0.515625,0.125,-0.09375,315
316,1728004548327,0.0048828125,0.094177246,-0.97125244,-0.359375,0.109375,-0.25,316
317,1728004548367,-0.0021972656,0.08294678,-0.9612427,0.15625,0.765625,-0.234375,317
318,1728004548407,-0.0017089844,0.093933105,-0.9612427,0.265625,0.859375,-0.046875,318
319,1728004548447,-0.00048828125,0.093688965,-0.9573364,0.109375,0.734375,-0.125,319
320,1728004548487,-0.0014648438,0.08880615,-0.96343994,-0.125,0.671875,-0.234375,320
321,1728004548527,0.00024414062,0.093933105,-0.96051025,-0.203125,0.625,-0.09375,321
322,1728004548567,-0.00048828125,0.09832764,-0.9690552,-0.296875,0.5,-0.109375,322
323,1728004548607,-0.00390625,0.09075928,-0.9624634,0.046875,1.015625,-0.078125,323
324,1728004548647,-0.00048828125,0.08782959,-0.95513916,0.234375,1.234375,-0.234375,324
325,1728004548687,0.0009765625,0.0927124,-0.96539307,-0.125,0.515625,-0.171875,325
326,1728004548727,0.0009765625,0.09197998,-0.9663696,-0.21875,0.84375,0.0,326
327,1728004548767,-0.007080078,0.08807373,-0.95684814,-0.125,0.609375,-0.171875,327
328,1728004548807,-0.0026855469,0.093444824,-0.9541626,-0.046875,0.734375,-0.109375,328
329,1728004548847,-0.0036621094,0.09466553,-0.96661377,-0.203125,0.78125,-0.140625,329
330,1728004548887,-0.0031738281,0.09490967,-0.97003174,-0.15625,0.484375,-0.1875,330
331,1728004548927,-0.0041503906,0.09100342,-0.96954346,-0.265625,0.46875,-0.1875,331
332,1728004548967,-0.0029296875,0.09075928,-0.95880127,-0.359375,0.578125,-0.09375,332
333,1728004549007,-0.0031738281,0.085876465,-0.9612427,-0.09375,0.921875,-0.125,333
334,1728004549047,-0.008300781,0.09661865,-0.9602661,0.0625,0.828125,-0.203125,334
335,1728004549087,-0.001953125,0.097595215,-0.95758057,-0.109375,0.578125,0.078125,335
336,1728004549127,-0.010009766,0.09466553,-0.96417236,-0.28125,0.484375,-0.046875,336
337,1728004549167,-0.0061035156,0.08709717,-0.95977783,-0.296875,0.46875,-0.09375,337
338,1728004549207,-0.0026855469,0.09295654,-0.96173096,-0.078125,0.34375,-0.203125,338
339,1728004549247,-0.012451172,0.09710693,-0.96661377,-0.15625,0.390625,-0.234375,339
340,1728004549287,-0.006591797,0.10101318,-0.95513916,-0.09375,0.453125,-0.09375,340
341,1728004549327,-0.008056641,0.10272217,-0.958313,-0.171875,0.375,-0.140625,341
342,1728004549367,-0.004638672,0.10296631,-0.9624634,-0.34375,0.4375,-0.203125,342
343,1728004549407,-0.008300781,0.09515381,-0.96759033,-0.28125,0.484375,-0.046875,343
344,1728004549447,-0.009521484,0.0927124,-0.9578247,-0.015625,0.390625,-0.234375,344
345,1728004549487,-0.007080078,0.098083496,-0.9710083,-0.515625,0.671875,-0.109375,345
346,1728004549527,-0.0078125,0.09710693,-0.9602661,-0.3125,0.234375,-0.25,346
347,1728004549567,-0.0073242188,0.09906006,-0.9602661,-0.09375,0.546875,-0.03125,347
348,1728004549607,-0.0036621094,0.09588623,-0.9697876,-0.375,0.4375,-0.234375,348
349,1728004549647,-0.0073242188,0.0927124,-0.95758057,-0.296875,0.59375,-0.15625,349
350,1728004549687,-0.008544922,0.09979248,-0.960022,-0.1875,0.359375,-0.078125,350
351,1728004549727,-0.012451172,0.097839355,-0.960022,-0.109375,0.609375,-0.109375,351
352,1728004549767,-0.010253906,0.09564209,-0.9668579,-0.234375,0.515625,-0.15625,352
353,1728004549807,-0.010009766,0.09515381,-0.96466064,-0.09375,0.171875,-0.03125,353
354,1728004549847,-0.0068359375,0.09979248,-0.95928955,0.078125,0.0625,-0.078125,354
355,1728004549887,-0.0075683594,0.0927124,-0.960022,0.0625,0.015625,-0.125,355
356,1728004549927,-0.012451172,0.09613037,-0.9673462,-0.109375,0.390625,-0.21875,356
357,1728004549967,-0.0036621094,0.093688965,-0.95758057,-0.03125,0.5625,-0.046875,357
358,1728004550007,-0.010986328,0.090026855,-0.96343994,-0.28125,0.453125,-0.109375,358
359,1728004550047,-0.011474609,0.09710693,-0.9631958,-0.375,0.375,-0.09375,359
360,1728004550087,-0.013183594,0.094177246,-0.97052,-0.390625,0.5625,0.0,360
361,1728004550127,-0.008544922,0.09832764,-0.9685669,-0.859375,0.09375,-0.015625,361
362,1728004550167,-0.008300781,0.09564209,-0.954895,-0.3125,0.03125,-0.0625,362
363,1728004550207,-0.0026855469,0.094177246,-0.9541626,0.359375,-0.046875,-0.09375,363
364,1728004550247,-0.007080078,0.09857178,-0.94781494,0.765625,0.109375,-0.140625,364
365,1728004550287,-0.012207031,0.097351074,-0.95391846,0.609375,0.375,-0.25,365
366,1728004550327,-0.005859375,0.101501465,-0.9697876,0.234375,0.1875,-0.09375,366
367,1728004550367,-0.006591797,0.10223389,-0.96710205,0.390625,0.359375,-0.125,367
368,1728004550407,0.005126953,0.10687256,-0.97247314,0.109375,-0.015625,-0.171875,368
369,1728004550447,-0.009277344,0.09954834,-0.9570923,0.421875,0.265625,-0.3125,369
370,1728004550487,-0.0087890625,0.10321045,-0.9692993,0.046875,0.25,-0.25,370
371,1728004550527,-0.0021972656,0.10101318,-0.9627075,0.09375,0.546875,-0.078125,371
372,1728004550567,-0.008544922,0.10247803,-0.95318604,0.484375,0.375,-0.15625,372
373,1728004550607,-0.0063476562,0.09979248,-0.954895,0.234375,0.375,-0.375,373
374,1728004550647,-0.0043945312,0.10223389,-0.9570923,-0.34375,0.4375,-0.234375,374
375,1728004550687,-0.001953125,0.10736084,-0.95977783,-0.328125,0.421875,-0.21875,375
376,1728004550727,-0.0026855469,0.10491943,-0.9644165,0.015625,0.296875,-0.21875,376
377,1728004550767,-0.0021972656,0.10467529,-0.95318604,0.3125,0.453125,-0.171875,377
378,1728004550807,-0.00048828125,0.10784912,-0.96343994,0.0625,0.265625,-0.03125,378
379,1728004550847,-0.0041503906,0.10076904,-0.9507446,0.265625,0.765625,-0.03125,379
380,1728004550887,-0.01171875,0.109558105,-0.956604,0.515625,0.84375,-0.0625,380
381,1728004550927,-0.0029296875,0.10101318,-0.95098877,0.15625,0.40625,-0.140625,381
382,1728004550967,-0.0043945312,0.10858154,-0.9619751,-0.015625,0.59375,-0.140625,382
383,1728004551007,-0.0021972656,0.1071167,-0.9595337,0.09375,0.28125,-0.265625,383
384,1728004551047,-0.005126953,0.10638428,-0.96343994,0.296875,0.390625,-0.25,384
385,1728004551087,-0.0063476562,0.113220215,-0.9661255,0.484375,0.09375,-0.203125,385
386,1728004551127,-0.0073242188,0.113708496,-0.9663696,0.328125,0.28125,-0.09375,386
387,1728004551167,-0.008056641,0.11248779,-0.95758057,0.203125,0.375,-0.1875,387
388,1728004551207,-0.0063476562,0.11273193,-0.95928955,0.046875,0.28125,-0.125,388
389,1728004551247,-0.0043945312,0.105651855,-0.9517212,-0.03125,0.484375,-0.125,389
390,1728004551287,-0.0029296875,0.11444092,-0.9636841,-0.1875,-0.140625,-0.328125,390
391,1728004551327,-0.0056152344,0.113220215,-0.9639282,0.140625,0.203125,-0.109375,391
392,1728004551367,-0.008056641,0.11468506,-0.9614868,0.265625,0.46875,-0.1875,392
393,1728004551407,-0.0078125,0.109558105,-0.9585571,0.515625,0.53125,-0.15625,393
394,1728004551447,-0.0048828125,0.11639404,-0.9631958,-0.28125,0.484375,-0.125,394
395,1728004551487,-0.00390625,0.113220215,-0.9536743,-0.078125,0.453125,-0.125,395
396,1728004551527,-0.008544922,0.11395264,-0.9541626,0.21875,0.375,-0.1875,396
397,1728004551567,-0.008544922,0.113464355,-0.95928955,0.265625,0.171875,-0.03125,397
398,1728004551607,-0.010986328,0.117370605,-0.9661255,-0.015625,0.296875,-0.0625,398
399,1728004551647,-0.001953125,0.11029053,-0.97076416,-0.09375,0.421875,-0.125,399
400,1728004551687,0.0024414062,0.11419678,-0.9631958,-0.109375,0.359375,-0.140625,400
401,1728004551727,-0.006591797,0.11077881,-0.95562744,0.03125,0.671875,-0.046875,401
402,1728004551767,-0.0012207031,0.1161499,-0.9561157,-0.15625,0.453125,-0.1875,402
403,1728004551807,-0.0036621094,0.11273193,-0.95684814,0.03125,0.515625,-0.0625,403
404,1728004551847,-0.007080078,0.11517334,-0.958313,-0.0625,0.390625,-0.03125,404
405,1728004551887,-0.0056152344,0.11126709,-0.95440674,0.0,0.234375,-0.15625,405
406,1728004551927,-0.009521484,0.1149292,-0.96661377,-0.1875,0.421875,-0.015625,406
407,1728004551967,-0.0063476562,0.117614746,-0.96051025,-0.171875,0.609375,-0.125,407
408,1728004552007,-0.008300781,0.117614746,-0.9619751,-0.234375,0.421875,-0.1875,408
409,1728004552047,-0.0063476562,0.117614746,-0.95513916,-0.125,0.296875,-0.203125,409
410,1728004552087,-0.0056152344,0.1149292,-0.9558716,-0.109375,0.515625,-0.140625,410
411,1728004552127,-0.010498047,0.11639404,-0.95806885,-0.046875,0.40625,-0.21875,411
412,1728004552167,0.001953125,0.11126709,-0.9717407,-0.46875,0.15625,-0.125,412
413,1728004552207,-0.0009765625,0.11566162,-0.96173096,-0.3125,0.390625,-0.171875,413
414,1728004552247,-0.0053710938,0.11395264,-0.958313,-0.21875,0.65625,-0.15625,414
415,1728004552287,-0.0048828125,0.113708496,-0.9585571,-0.15625,0.734375,-0.15625,415
416,1728004552327,-0.009521484,0.117370605,-0.9536743,-0.21875,0.515625,-0.125,416
417,1728004552367,-0.0056152344,0.12420654,-0.9627075,-0.421875,0.515625,-0.140625,417
418,1728004552407,-0.0087890625,0.113464355,-0.95684814,-0.390625,0.59375,-0.109375,418
419,1728004552447,-0.012207031,0.11566162,-0.954895,-0.265625,0.609375,-0.234375,419
420,1728004552487,-0.0026855469,0.11273193,-0.96051025,-0.046875,0.6875,-0.125,420
421,1728004552527,-0.0146484375,0.11639404,-0.96099854,0.0,0.40625,-0.125,421
422,1728004552567,-0.0041503906,0.117370605,-0.95977783,0.0,0.515625,-0.078125,422
423,1728004552607,-0.005126953,0.11419678,-0.95684814,-0.015625,0.296875,-0.15625,423
424,1728004552647,-0.0043945312,0.117126465,-0.9685669,-0.46875,-0.0625,-0.1875,424
425,1728004552687,-0.00390625,0.12054443,-0.9644165,-0.59375,-0.046875,-0.046875,425
426,1728004552727,-0.0014648438,0.11468506,-0.958313,-0.515625,-0.046875,-0.046875,426
427,1728004552767,-0.010986328,0.1161499,-0.9590454,-0.6875,-0.125,-0.0625,427
428,1728004552807,0.00048828125,0.11663818,-0.95977783,-0.703125,0.015625,-0.03125,428
429,1728004552847,-0.0031738281,0.11590576,-0.96099854,-0.796875,-0.375,-0.015625,429
430,1728004552887,-0.004638672,0.11395264,-0.9602661,-0.8125,-0.453125,-0.078125,430
431,1728004552927,-0.0043945312,0.109558105,-0.960022,-0.9375,-0.4375,-0.0625,431
432,1728004552967,0.005859375,0.12030029,-0.9636841,-1.03125,-0.671875,0.140625,432
433,1728004553007,-0.0029296875,0.113464355,-0.96417236,-0.96875,-0.640625,-0.015625,433
434,1728004553047,-0.001953125,0.11077881,-0.9656372,-1.21875,-0.765625,-0.09375,434
435,1728004553087,0.0068359375,0.105895996,-0.9585571,-1.203125,-0.671875,-0.0625,435
436,1728004553127,0.0031738281,0.10784912,-0.96051025,-1.453125,-0.328125,-0.015625,436
437,1728004553167,0.0075683594,0.10687256,-0.9702759,-1.703125,-0.640625,0.046875,437
438,1728004553207,0.014404297,0.10003662,-0.9573364,-1.8125,-0.28125,0.046875,438
439,1728004553247,0.0087890625,0.09857178,-0.960022,-1.875,-0.265625,0.03125,439
440,1728004553287,0.010253906,0.10076904,-0.9573364,-1.484375,-0.15625,0.125,440
441,1728004553327,0.0053710938,0.10345459,-0.9644165,-1.046875,-0.609375,0.046875,441
442,1728004553367,0.012451172,0.10687256,-0.9656372,-1.1875,-0.6875,0.078125,442
443,1728004553407,0.016601562,0.09515381,-0.96051025,-0.984375,-0.5,-0.03125,443
444,1728004553447,0.021484375,0.08734131,-0.9751587,-0.75,-0.328125,-0.03125,444
445,1728004553487,0.013916016,0.09320068,-0.94781494,-0.640625,-0.015625,-0.03125,445
446,1728004553527,0.015625,0.09124756,-0.9558716,-0.71875,-0.015625,-0.046875,446
447,1728004553567,0.008300781,0.090270996,-0.95440674,-0.6875,-0.09375,0.0,447
448,1728004553607,0.021728516,0.08880615,-0.9614868,-0.59375,0.15625,-0.015625,448
449,1728004553647,0.010498047,0.09442139,-0.96466064,-0.25,0.1875,-0.046875,449
450,1728004553687,0.016113281,0.089782715,-0.96343994,-0.21875,0.296875,-0.015625,450
451,1728004553727,0.018798828,0.090270996,-0.96221924,-0.171875,0.4375,-0.171875,451
452,1728004553767,0.016845703,0.08734131,-0.95977783,0.34375,0.515625,-0.03125,452
453,1728004553807,0.015380859,0.08929443,-0.95562744,0.6875,0.734375,-0.03125,453
454,1728004553847,0.01953125,0.093688965,-0.95318604,0.390625,0.890625,-0.09375,454
455,1728004553887,0.011962891,0.09490967,-0.95758057,0.25,0.78125,-0.234375,455
456,1728004553927,0.015380859,0.08807373,-0.9697876,-0.171875,0.40625,-0.09375,456
457,1728004553967,0.017578125,0.09295654,-0.96466064,0.25,0.96875,-0.125,457
458,1728004554007,0.013671875,0.093933105,-0.9602661,0.09375,0.609375,0.015625,458
459,1728004554047,0.014892578,0.09466553,-0.96295166,0.140625,0.796875,-0.109375,459
460,1728004554087,0.009033203,0.09637451,-0.96466064,0.203125,0.859375,-0.171875,460
461,1728004554127,0.011474609,0.097839355,-0.95440674,0.0,0.671875,-0.03125,461
462,1728004554167,0.01586914,0.09881592,-0.9541626,-0.015625,0.53125,-0.140625,462
463,1728004554207,0.008544922,0.10321045,-0.9612427,-0.421875,0.421875,0.015625,463
464,1728004554247,0.009277344,0.09442139,-0.9590454,-0.046875,0.6875,-0.09375,464
465,1728004554287,0.011474609,0.101989746,-0.9602661,0.0,0.484375,-0.21875,465
466,1728004554327,0.011230469,0.09442139,-0.9546509,-0.09375,0.578125,-0.25,466
467,1728004554367,0.012207031,0.093933105,-0.9570923,-0.078125,0.328125,-0.125,467
468,1728004554407,0.011230469,0.09686279,-0.9570923,-0.109375,0.296875,-0.25,468
469,1728004554447,0.010986328,0.101501465,-0.96221924,-0.375,0.34375,-0.125,469
470,1728004554487,0.011962891,0.09490967,-0.9522095,-0.015625,0.46875,-0.09375,470
471,1728004554527,0.015136719,0.10418701,-0.9644165,-0.171875,0.390625,-0.15625,471
472,1728004554567,0.008056641,0.105407715,-0.9602661,-0.046875,0.46875,-0.203125,472
473,1728004554607,0.010986328,0.098083496,-0.9570923,-0.046875,0.296875,-0.203125,473
474,1728004554647,0.009033203,0.097351074,-0.96417236,-0.015625,0.328125,-0.078125,474
475,1728004554687,0.01171875,0.09979248,-0.9636841,0.03125,0.71875,-0.03125,475
476,1728004554727,0.014160156,0.1005249,-0.9585571,-0.0625,0.140625,0.0,476
477,1728004554767,0.015136719,0.10418701,-0.9602661,0.453125,0.5,-0.234375,477
478,1728004554807,0.0087890625,0.10247803,-0.96539307,0.71875,0.796875,-0.296875,478
479,1728004554847,0.009521484,0.101745605,-0.95684814,0.609375,0.46875,-0.078125,479
480,1728004554887,0.010253906,0.09710693,-0.95684814,0.203125,0.625,-0.03125,480
481,1728004554927,0.0146484375,0.10736084,-0.96099854,-0.34375,0.234375,-0.15625,481
482,1728004554967,0.011962891,0.097351074,-0.95977783,-0.03125,0.40625,-0.09375,482
483,1728004555007,0.0024414062,0.10369873,-0.9614868,0.03125,0.65625,-0.140625,483
484,1728004555047,0.008300781,0.10321045,-0.96343994,0.0625,0.65625,0.078125,484
485,1728004555087,0.015625,0.10394287,-0.95758057,0.1875,0.703125,-0.109375,485
486,1728004555127,0.013183594,0.10345459,-0.9529419,0.15625,0.78125,-0.125,486
487,1728004555167,0.008300781,0.09710693,-0.9614868,-0.09375,0.515625,-0.0625,487
488,1728004555207,0.009277344,0.09979248,-0.95977783,-0.125,0.71875,-0.078125,488
489,1728004555247,0.0078125,0.112976074,-0.9729614,-0.34375,0.421875,-0.09375,489
490,1728004555287,0.008300781,0.10394287,-0.9614868,-0.25,0.234375,-0.109375,490
491,1728004555327,0.007080078,0.10491943,-0.95928955,-0.1875,0.203125,-0.140625,491
492,1728004555367,0.010009766,0.105163574,-0.9558716,-0.109375,0.1875,-0.234375,492
493,1728004555407,0.010498047,0.10687256,-0.96221924,0.0,0.125,-0.125,493
494,1728004555447,0.008056641,0.11224365,-0.9607544,0.0625,0.015625,-0.109375,494
495,1728004555487,0.011230469,0.105163574,-0.9578247,-0.0625,-0.09375,-0.15625,495
496,1728004555527,0.0021972656,0.105651855,-0.96710205,-0.09375,0.34375,-0.265625,496
497,1728004555567,0.016845703,0.10760498,-0.958313,-0.03125,0.140625,-0.140625,497
498,1728004555607,0.012939453,0.10662842,-0.9644165,-0.140625,0.765625,-0.203125,498
499,1728004555647,0.008544922,0.1083374,-0.9590454,-0.390625,0.453125,-0.109375,499
500,1728004555687,0.015625,0.105895996,-0.9644165,-0.265625,0.578125,-0.109375,500
501,1728004555727,0.0146484375,0.09710693,-0.9553833,0.015625,0.78125,-0.046875,501
502,1728004555767,0.007080078,0.109069824,-0.9578247,-0.390625,0.3125,-0.25,502
503,1728004555807,0.016357422,0.105407715,-0.95928955,-0.09375,0.4375,-0.078125,503
504,1728004555847,0.0043945312,0.11151123,-0.9619751,-0.390625,0.375,-0.078125,504
505,1728004555887,0.010986328,0.101257324,-0.96661377,-0.359375,0.390625,-0.171875,505
506,1728004555927,0.013916016,0.10247803,-0.96221924,-0.1875,0.46875,-0.234375,506
507,1728004555967,0.014160156,0.1071167,-0.9680786,-0.171875,0.53125,-0.09375,507
508,1728004556007,0.010498047,0.10736084,-0.96343994,0.125,0.46875,-0.09375,508
509,1728004556047,0.010498047,0.10394287,-0.95928955,-0.09375,0.3125,-0.15625,509
510,1728004556087,0.011230469,0.1071167,-0.96539307,-0.359375,0.390625,-0.25,510
511,1728004556127,0.012451172,0.11053467,-0.96099854,-0.265625,0.78125,-0.15625,511
512,1728004556167,0.012451172,0.11053467,-0.95880127,-0.15625,0.421875,-0.09375,512
513,1728004556207,0.010986328,0.11029053,-0.9607544,-0.328125,0.40625,-0.015625,513
514,1728004556247,0.012939453,0.11004639,-0.95977783,-0.21875,0.171875,-0.3125,514
515,1728004556287,0.005859375,0.1083374,-0.9585571,0.34375,0.5625,-0.140625,515
516,1728004556327,0.01586914,0.10809326,-0.9690552,0.4375,0.296875,-0.046875,516
517,1728004556367,0.013671875,0.10614014,-0.96051025,0.78125,0.40625,-0.0625,517
518,1728004556407,0.007080078,0.11444092,-0.9505005,0.609375,0.421875,-0.0625,518
519,1728004556447,0.010009766,0.10784912,-0.9614868,-0.125,0.328125,-0.09375,519
520,1728004556487,0.0026855469,0.1161499,-0.975647,-0.609375,0.65625,-0.21875,520
521,1728004556527,0.012939453,0.11468506,-0.9546509,-0.15625,0.875,-0.09375,521
522,1728004556567,0.0043945312,0.11053467,-0.95318604,-0.015625,0.8125,-0.234375,522
523,1728004556607,0.0087890625,0.113220215,-0.96099854,-0.640625,0.59375,-0.140625,523
524,1728004556647,0.008544922,0.10858154,-0.9558716,-0.140625,0.5625,-0.0625,524
525,1728004556687,0.008056641,0.1083374,-0.9553833,0.265625,1.140625,-0.0625,525
526,1728004556727,0.01171875,0.11004639,-0.96099854,0.140625,1.09375,-0.0625,526
527,1728004556767,0.0031738281,0.11151123,-0.95440674,0.765625,1.421875,-0.046875,527
528,1728004556807,0.009277344,0.11077881,-0.9649048,0.515625,0.765625,-0.203125,528
529,1728004556847,0.0053710938,0.11224365,-0.97003174,-0.21875,0.4375,-0.015625,529
530,1728004556887,0.0075683594,0.1149292,-0.9573364,-0.484375,0.40625,-0.25,530
531,1728004556927,0.011962891,0.11053467,-0.960022,-0.546875,0.40625,-0.171875,531
532,1728004556967,0.0048828125,0.113708496,-0.9573364,-0.234375,0.40625,-0.1875,532
533,1728004557007,0.007080078,0.11077881,-0.9619751,-0.046875,0.28125,-0.1875,533
534,1728004557047,0.0063476562,0.11395264,-0.9487915,0.890625,0.484375,-0.203125,534
535,1728004557087,0.00390625,0.117370605,-0.9619751,1.296875,0.875,-0.296875,535
536,1728004557127,0.0068359375,0.117370605,-0.96832275,0.453125,0.703125,-0.125,536
537,1728004557167,0.0034179688,0.11419678,-0.9619751,-0.21875,0.375,-0.125,537
538,1728004557207,0.0036621094,0.116882324,-0.9644165,-0.359375,0.34375,-0.203125,538
539,1728004557247,-0.0014648438,0.117126465,-0.95562744,-0.671875,0.328125,-0.140625,539
540,1728004557287,0.006591797,0.117126465,-0.9558716,-0.359375,0.59375,-0.1875,540
541,1728004557327,0.00024414062,0.120788574,-0.9553833,-0.03125,0.3125,-0.15625,541
542,1728004557367,0.013427734,0.1161499,-0.9517212,0.3125,0.625,-0.0625,542
543,1728004557407,-0.005126953,0.11981201,-0.96954346,0.09375,0.984375,-0.296875,543
544,1728004557447,0.0017089844,0.11444092,-0.9505005,-0.0625,0.6875,-0.140625,544
545,1728004557487,0.005126953,0.11029053,-0.9644165,-0.28125,0.421875,0.109375,545
546,1728004557527,0.007080078,0.121276855,-0.96588135,-0.296875,0.390625,-0.15625,546
547,1728004557567,0.00390625,0.120788574,-0.9492798,0.15625,0.140625,-0.078125,547
548,1728004557607,0.005126953,0.12322998,-0.9631958,-0.109375,0.21875,-0.171875,548
549,1728004557647,0.005126953,0.12030029,-0.95318604,-0.0625,0.59375,-0.09375,549
550,1728004557687,0.0,0.12030029,-0.9661255,-0.328125,0.5625,-0.1875,550
551,1728004557727,0.0068359375,0.117126465,-0.9492798,-0.046875,0.28125,-0.09375,551
552,1728004557767,0.005126953,0.121032715,-0.95391846,0.171875,0.15625,-0.046875,552
553,1728004557807,0.0061035156,0.12176514,-0.9678345,-0.046875,0.15625,-0.03125,553
554,1728004557847,-0.00048828125,0.1239624,-0.9668579,-0.21875,0.03125,-0.234375,554
555,1728004557887,0.011962891,0.124694824,-0.96417236,-0.25,0.375,-0.109375,555
556,1728004557927,0.0078125,0.11834717,-0.954895,-0.296875,0.375,-0.046875,556
557,1728004557967,0.005859375,0.11810303,-0.9553833,-0.21875,0.3125,-0.203125,557
558,1728004558007,0.0021972656,0.12322998,-0.9524536,-0.1875,0.28125,-0.109375,558
559,1728004558047,0.01171875,0.117370605,-0.9607544,-0.03125,0.265625,-0.171875,559
560,1728004558087,-0.0007324219,0.11859131,-0.96173096,-0.28125,0.03125,-0.171875,560
561,1728004558127,0.0073242188,0.113708496,-0.9668579,-0.40625,-0.15625,-0.03125,561
562,1728004558167,0.0048828125,0.12445068,-0.9678345,-0.515625,0.078125,-0.078125,562
563,1728004558207,0.0017089844,0.11785889,-0.95440674,-0.46875,-0.390625,-0.203125,563
564,1728004558247,0.010986328,0.12005615,-0.95562744,-0.4375,0.15625,-0.109375,564
565,1728004558287,0.0043945312,0.117370605,-0.9570923,-0.78125,0.046875,-0.109375,565
566,1728004558327,0.01586914,0.11175537,-0.95880127,-1.625,-0.421875,-0.078125,566
567,1728004558367,0.009033203,0.105651855,-0.9607544,-2.1875,-0.265625,-0.0625,567
568,1728004558407,0.0126953125,0.10736084,-0.9644165,-2.046875,-0.125,0.015625,568
569,1728004558447,0.012207031,0.10858154,-0.9631958,-1.578125,-0.46875,0.109375,569
570,1728004558487,0.017822266,0.11102295,-0.96051025,-0.859375,-0.25,0.03125,570
571,1728004558527,0.0075683594,0.10882568,-0.9602661,-1.078125,-0.1875,0.109375,571
572,1728004558567,0.011962891,0.101501465,-0.96221924,-1.265625,-0.125,0.109375,572
573,1728004558607,0.009765625,0.11077881,-0.96343994,-1.25,-0.15625,-0.078125,573
574,1728004558647,0.016845703,0.10443115,-0.95806885,-1.3125,-0.296875,-0.09375,574
575,1728004558687,0.020507812,0.093688965,-0.96173096,-1.5625,-0.390625,-0.140625,575
576,1728004558727,0.021972656,0.097595215,-0.9585571,-1.109375,-0.609375,-0.171875,576
577,1728004558767,0.025390625,0.09490967,-0.96539307,-0.921875,-0.296875,-0.046875,577
578,1728004558807,0.025146484,0.09661865,-0.96295166,-1.078125,-0.21875,-0.171875,578
579,1728004558847,0.015625,0.097351074,-0.9636841,-0.640625,0.03125,-0.109375,579
580,1728004558887,0.025634766,0.093688965,-0.9573364,-0.53125,0.28125,-0.0625,580
581,1728004558927,0.021972656,0.09857178,-0.9612427,-0.5,0.21875,-0.109375,581
582,1728004558967,0.025390625,0.09832764,-0.9614868,-0.296875,0.359375,-0.125,582
583,1728004559007,0.026367188,0.09490967,-0.95977783,-0.40625,0.640625,-0.25,583
584,1728004559047,0.022460938,0.094177246,-0.9590454,-0.25,0.65625,-0.09375,584
585,1728004559087,0.025390625,0.094177246,-0.96759033,-0.578125,0.375,-0.109375,585
586,1728004559127,0.022216797,0.09320068,-0.96539307,-0.03125,0.828125,-0.03125,586
587,1728004559167,0.024169922,0.09051514,-0.9636841,0.0625,0.828125,-0.0625,587
588,1728004559207,0.020263672,0.09320068,-0.96099854,0.21875,0.71875,-0.109375,588
589,1728004559247,0.015625,0.09564209,-0.95880127,0.640625,1.1875,-0.171875,589
590,1728004559287,0.016601562,0.09588623,-0.958313,0.421875,0.84375,-0.25,590
591,1728004559327,0.024902344,0.10614014,-0.9624634,0.125,0.859375,-0.171875,591
592,1728004559367,0.01928711,0.10394287,-0.95440674,0.421875,0.859375,-0.0625,592
593,1728004559407,0.024902344,0.10028076,-0.9636841,0.109375,0.34375,-0.03125,593
594,1728004559447,0.020019531,0.10247803,-0.97076416,0.078125,0.703125,-0.015625,594
595,1728004559487,0.017822266,0.11224365,-0.95684814,0.0,0.765625,-0.234375,595
596,1728004559527,0.014160156,0.09564209,-0.96221924,0.203125,0.78125,-0.140625,596
597,1728004559567,0.013671875,0.097839355,-0.95635986,0.125,0.6875,-0.078125,597
598,1728004559607,0.009277344,0.09881592,-0.9636841,-0.25,0.484375,-0.078125,598
599,1728004559647,0.016357422,0.10028076,-0.95880127,-0.125,0.453125,-0.125,599
600,1728004559687,0.013916016,0.101745605,-0.9627075,-0.234375,0.28125,-0.21875,600
601,1728004559727,0.020751953,0.09906006,-0.9612427,0.109375,0.59375,-0.109375,601
602,1728004559767,0.017333984,0.09881592,-0.9541626,-0.140625,0.453125,-0.1875,602
603,1728004559807,0.022705078,0.10223389,-0.96221924,-0.34375,0.171875,-0.25,603
604,1728004559847,0.022705078,0.10443115,-0.9561157,-0.03125,0.546875,-0.125,604
605,1728004559887,0.0146484375,0.09588623,-0.95880127,0.046875,0.390625,-0.1875,605
606,1728004559927,0.018066406,0.10101318,-0.96099854,-0.015625,0.28125,-0.109375,606
607,1728004559967,0.010253906,0.10467529,-0.9590454,0.171875,0.609375,-0.15625,607
608,1728004560007,0.010986328,0.1071167,-0.9656372,-0.015625,0.453125,-0.046875,608
609,1728004560047,0.013183594,0.10296631,-0.960022,0.234375,0.671875,-0.140625,609
610,1728004560087,0.01586914,0.10687256,-0.9619751,0.015625,0.8125,-0.125,610
611,1728004560127,0.011230469,0.10638428,-0.9536743,-0.453125,0.515625,-0.140625,611
612,1728004560167,0.016601562,0.10321045,-0.9656372,-0.203125,0.609375,-0.21875,612
613,1728004560207,0.010986328,0.105895996,-0.96099854,-0.015625,0.59375,-0.015625,613
614,1728004560247,0.015136719,0.105651855,-0.96099854,0.015625,0.578125,-0.109375,614
615,1728004560287,0.015380859,0.10418701,-0.9663696,0.3125,0.765625,-0.078125,615
616,1728004560327,0.018554688,0.101989746,-0.9663696,0.328125,0.78125,-0.234375,616
617,1728004560367,0.015136719,0.10223389,-0.96051025,0.359375,0.828125,-0.21875,617
618,1728004560407,0.009277344,0.10369873,-0.9607544,-0.296875,0.703125,-0.140625,618
619,1728004560447,0.010498047,0.10223389,-0.9663696,-0.125,0.765625,-0.203125,619
620,1728004560487,0.0073242188,0.10491943,-0.9585571,0.109375,0.9375,-0.109375,620
621,1728004560527,0.014892578,0.1149292,-0.96051025,0.3125,0.484375,-0.140625,621
622,1728004560567,0.0063476562,0.11077881,-0.96099854,-0.21875,0.609375,-0.140625,622
623,1728004560607,0.010498047,0.10809326,-0.9573364,0.09375,0.515625,-0.15625,623
624,1728004560647,0.005126953,0.10687256,-0.96221924,0.0,0.6875,-0.25,624
625,1728004560687,0.009033203,0.10736084,-0.9619751,0.25,0.90625,-0.1875,625
626,1728004560727,0.008544922,0.109802246,-0.95269775,0.171875,1.03125,-0.203125,626
627,1728004560767,0.012939453,0.10760498,-0.9651489,0.015625,0.96875,-0.140625,627
628,1728004560807,0.007080078,0.11224365,-0.96295166,-0.375,0.21875,-0.078125,628
629,1728004560847,0.0063476562,0.11053467,-0.960022,-0.09375,0.546875,-0.1875,629
630,1728004560887,0.011230469,0.11077881,-0.9656372,-0.234375,0.484375,-0.1875,630
631,1728004560927,0.016113281,0.10736084,-0.9570923,0.03125,0.484375,-0.09375,631
632,1728004560967,0.0036621094,0.10760498,-0.9663696,-0.25,0.3125,-0.09375,632
633,1728004561007,0.0031738281,0.11077881,-0.9649048,-0.25,0.421875,-0.140625,633
634,1728004561047,0.0012207031,0.11517334,-0.9644165,-0.046875,0.640625,0.015625,634
635,1728004561087,0.010009766,0.11199951,-0.96466064,-0.171875,0.390625,-0.078125,635
636,1728004561127,0.010253906,0.1161499,-0.9553833,-0.265625,0.515625,-0.15625,636
637,1728004561167,0.0073242188,0.10614014,-0.96466064,-0.25,0.578125,-0.078125,637
638,1728004561207,0.007080078,0.11248779,-0.9595337,-0.3125,0.484375,-0.1875,638
639,1728004561247,0.010498047,0.10638428,-0.9685669,-0.375,0.265625,-0.171875,639
640,1728004561287,0.010498047,0.1083374,-0.96051025,-0.171875,0.25,0.03125,640
641,1728004561327,0.008056641,0.1083374,-0.9590454,-0.3125,0.328125,-0.15625,641
642,1728004561367,0.009521484,0.113464355,-0.96295166,-0.046875,0.28125,-0.171875,642
643,1728004561407,0.0075683594,0.109558105,-0.9656372,0.171875,0.328125,-0.171875,643
644,1728004561447,0.005859375,0.11199951,-0.96588135,-0.28125,0.3125,-0.28125,644
645,1728004561487,0.0075683594,0.11151123,-0.960022,-0.125,0.265625,-0.171875,645
646,1728004561527,0.010498047,0.10760498,-0.9595337,-0.203125,-0.015625,0.0,646
647,1728004561567,0.009033203,0.11566162,-0.9595337,-0.125,-0.1875,-0.21875,647
648,1728004561607,0.011474609,0.11834717,-0.9690552,-0.234375,0.140625,-0.09375,648
649,1728004561647,0.017822266,0.11004639,-0.9636841,0.109375,0.359375,-0.171875,649
650,1728004561687,0.018798828,0.105163574,-0.9529419,0.5625,0.484375,-0.15625,650
651,1728004561727,0.017333984,0.11175537,-0.9534302,0.5,0.03125,-0.203125,651
652,1728004561767,-0.0007324219,0.11175537,-0.96099854,0.59375,0.28125,-0.0625,652
653,1728004561807,0.0061035156,0.11590576,-0.9607544,0.703125,0.59375,-0.109375,653
654,1728004561847,0.0087890625,0.112976074,-0.960022,0.21875,0.484375,-0.234375,654
655,1728004561887,0.014892578,0.11224365,-0.9649048,-0.359375,0.609375,-0.171875,655
656,1728004561927,0.011230469,0.12030029,-0.95928955,-0.21875,0.53125,-0.171875,656
657,1728004561967,0.0026855469,0.12640381,-0.9595337,-0.34375,0.609375,-0.171875,657
658,1728004562007,0.006591797,0.11981201,-0.95269775,0.09375,1.03125,-0.15625,658
659,1728004562047,0.0053710938,0.11810303,-0.954895,-0.171875,0.625,-0.21875,659
660,1728004562087,0.0026855469,0.12200928,-0.95806885,-0.140625,0.609375,-0.109375,660
661,1728004562127,0.0021972656,0.11468506,-0.9636841,-0.21875,0.8125,-0.203125,661
662,1728004562167,0.0056152344,0.113708496,-0.9524536,0.3125,1.015625,-0.21875,662
663,1728004562207,0.009521484,0.11785889,-0.9668579,-0.078125,0.46875,-0.125,663
664,1728004562247,0.0056152344,0.117370605,-0.9649048,-0.359375,0.484375,-0.09375,664
665,1728004562287,0.00390625,0.11883545,-0.9614868,-0.046875,0.65625,-0.140625,665
666,1728004562327,0.00024414062,0.11541748,-0.9534302,0.390625,0.765625,-0.234375,666
667,1728004562367,0.0053710938,0.11541748,-0.9505005,0.625,0.765625,-0.171875,667
668,1728004562407,0.0029296875,0.12200928,-0.954895,0.25,0.71875,-0.140625,668
669,1728004562447,0.0021972656,0.121520996,-0.954895,0.15625,0.609375,-0.1875,669
670,1728004562487,0.0056152344,0.11663818,-0.9612427,0.015625,0.5,-0.1875,670
671,1728004562527,0.00048828125,0.11859131,-0.96539307,-0.390625,0.296875,-0.28125,671
672,1728004562567,0.0029296875,0.12030029,-0.95513916,-0.5625,0.375,-0.203125,672
673,1728004562607,0.0048828125,0.117126465,-0.9624634,-0.46875,0.515625,-0.09375,673
674,1728004562647,0.005859375,0.11981201,-0.954895,-0.296875,0.484375,-0.28125,674
675,1728004562687,0.0087890625,0.11907959,-0.9529419,-0.15625,0.84375,-0.125,675
676,1728004562727,0.0056152344,0.12054443,-0.956604,-0.015625,0.734375,-0.234375,676
677,1728004562767,-0.0007324219,0.12591553,-0.95513916,0.15625,0.796875,-0.140625,677
678,1728004562807,0.0036621094,0.12030029,-0.9673462,0.203125,0.84375,-0.296875,678
679,1728004562847,0.0012207031,0.12030029,-0.96295166,-0.3125,0.578125,-0.078125,679
680,1728004562887,0.0021972656,0.117614746,-0.96173096,-0.359375,0.5625,-0.203125,680
681,1728004562927,0.010986328,0.1251831,-0.9631958,-0.15625,0.5625,-0.265625,681
682,1728004562967,0.0,0.1251831,-0.95025635,-0.03125,0.5625,-0.25,682
683,1728004563007,-0.0007324219,0.12249756,-0.95098877,-0.15625,0.78125,-0.1875,683
684,1728004563047,-0.0024414062,0.11419678,-0.95318604,-0.1875,0.5,-0.1875,684
685,1728004563087,-0.005859375,0.12005615,-0.9534302,-0.296875,0.625,-0.234375,685
686,1728004563127,0.0017089844,0.1239624,-0.9578247,-0.171875,0.46875,-0.09375,686
687,1728004563167,0.0041503906,0.12005615,-0.95880127,-0.125,0.53125,-0.1875,687
688,1728004563207,-0.0024414062,0.12615967,-0.96417236,-0.09375,0.609375,-0.125,688
689,1728004563247,0.0053710938,0.120788574,-0.96295166,-0.265625,0.609375,-0.125,689
690,1728004563287,-0.0024414062,0.11981201,-0.9553833,-0.125,0.5625,-0.03125,690
691,1728004563327,-0.0041503906,0.11932373,-0.9512329,-0.25,0.546875,-0.234375,691
692,1728004563367,-0.0009765625,0.1251831,-0.9590454,-0.171875,0.40625,-0.203125,692
693,1728004563407,-0.004638672,0.11859131,-0.96099854,-0.21875,0.328125,-0.21875,693
694,1728004563447,0.0007324219,0.11834717,-0.96343994,-0.046875,0.265625,-0.28125,694
695,1728004563487,0.0012207031,0.12030029,-0.95684814,-0.1875,0.265625,-0.078125,695
696,1728004563527,0.0012207031,0.11981201,-0.96099854,-0.234375,0.359375,-0.25,696
697,1728004563567,-0.0034179688,0.12322998,-0.96221924,-0.25,0.109375,-0.03125,697
698,1728004563607,0.00024414062,0.12347412,-0.9546509,-0.140625,-0.1875,-0.234375,698
699,1728004563647,-0.0009765625,0.12591553,-0.9590454,-0.390625,-0.171875,-0.015625,699
700,1728004563687,-0.001953125,0.117126465,-0.96173096,-0.875,-0.078125,0.109375,700
701,1728004563727,-0.0029296875,0.12615967,-0.9590454,-0.828125,-0.15625,0.015625,701
702,1728004563767,0.0041503906,0.113464355,-0.9644165,-0.921875,-0.21875,-0.015625,702
703,1728004563807,-0.0009765625,0.117126465,-0.9644165,-1.078125,-0.078125,-0.234375,703
704,1728004563847,0.010009766,0.11590576,-0.95440674,-1.171875,-0.375,-0.109375,704
705,1728004563887,-0.001953125,0.11199951,-0.95562744,-1.15625,-0.0625,-0.015625,705
706,1728004563927,0.005126953,0.11517334,-0.95562744,-0.9375,-0.40625,0.046875,706
707,1728004563967,0.0021972656,0.10784912,-0.9636841,-0.96875,-0.40625,0.03125,707
708,1728004564007,0.009521484,0.11199951,-0.9627075,-0.890625,-0.3125,-0.09375,708
709,1728004564047,-0.0009765625,0.112976074,-0.9612427,-0.765625,-0.203125,0.109375,709
710,1728004564087,0.009765625,0.11077881,-0.9685669,-0.578125,-0.109375,-0.125,710
711,1728004564127,0.007080078,0.11053467,-0.96099854,-0.421875,0.0625,-0.09375,711
712,1728004564167,0.0048828125,0.11004639,-0.96051025,-0.171875,0.421875,-0.109375,712
713,1728004564207,0.00024414062,0.105895996,-0.9573364,-0.125,0.34375,-0.09375,713
714,1728004564247,0.0126953125,0.11126709,-0.954895,-0.078125,0.4375,0.015625,714
715,1728004564287,0.0053710938,0.109558105,-0.95562744,-0.046875,0.640625,-0.1875,715
716,1728004564327,0.011230469,0.109802246,-0.95269775,-0.171875,0.234375,-0.0625,716
717,1728004564367,0.005859375,0.10809326,-0.9553833,-0.078125,0.328125,-0.25,717
718,1728004564407,0.010986328,0.11151123,-0.9656372,-0.015625,0.546875,-0.09375,718
719,1728004564447,0.0068359375,0.11566162,-0.9690552,0.046875,0.6875,-0.171875,719
720,1728004564487,0.0146484375,0.11077881,-0.95928955,0.1875,0.515625,-0.125,720
721,1728004564527,0.00390625,0.11102295,-0.96221924,-0.140625,0.375,-0.234375,721
722,1728004564567,0.0078125,0.11053467,-0.96661377,-0.375,0.265625,-0.109375,722
723,1728004564607,0.006591797,0.11053467,-0.96173096,-0.25,0.46875,-0.078125,723
724,1728004564647,0.001953125,0.10614014,-0.96051025,-0.15625,-0.015625,-0.15625,724
725,1728004564687,0.010253906,0.109313965,-0.95977783,-0.015625,0.046875,-0.0625,725
726,1728004564727,0.00390625,0.113708496,-0.9661255,-0.421875,0.078125,-0.171875,726
727,1728004564767,0.0078125,0.10784912,-0.96832275,-0.359375,-0.25,-0.21875,727
728,1728004564807,0.020507812,0.11395264,-0.9692993,-0.671875,-0.203125,-0.28125,728
729,1728004564847,0.0126953125,0.11663818,-0.9649048,-0.734375,-0.40625,-0.203125,729
730,1728004564887,0.009765625,0.109558105,-0.96417236,-1.046875,-0.078125,-0.203125,730
731,1728004564927,0.013916016,0.11419678,-0.9607544,-0.78125,0.21875,-0.078125,731
732,1728004564967,0.012939453,0.10687256,-0.9573364,-0.953125,0.421875,-0.046875,732
733,1728004565007,0.018066406,0.10467529,-0.9480591,-0.1875,0.53125,-0.015625,733
734,1728004565047,0.01171875,0.101989746,-0.9468384,-0.109375,0.296875,-0.09375,734
735,1728004565087,0.014160156,0.10321045,-0.9639282,-0.21875,0.125,-0.140625,735
736,1728004565127,0.010253906,0.109802246,-0.9702759,-0.328125,0.265625,-0.046875,736
737,1728004565167,0.011474609,0.10345459,-0.9644165,-0.328125,0.421875,-0.125,737
738,1728004565207,0.016113281,0.10443115,-0.96221924,0.0,0.5625,-0.25,738
739,1728004565247,0.0126953125,0.10443115,-0.9590454,0.1875,0.703125,-0.046875,739
740,1728004565287,0.009277344,0.10784912,-0.9512329,0.25,0.5625,-0.046875,740
741,1728004565327,0.0061035156,0.10687256,-0.95880127,-0.03125,0.421875,-0.140625,741
742,1728004565367,0.010253906,0.10736084,-0.95977783,-0.265625,0.3125,-0.140625,742
743,1728004565407,0.01586914,0.11248779,-0.96832275,-0.28125,0.5,-0.109375,743
744,1728004565447,0.008544922,0.1071167,-0.95758057,-0.09375,0.5,-0.109375,744
745,1728004565487,0.015625,0.117370605,-0.96539307,0.03125,0.578125,-0.0625,745
746,1728004565527,0.015625,0.10638428,-0.9758911,-0.28125,0.375,0.046875,746
747,1728004565567,0.010009766,0.11004639,-0.95635986,-0.125,0.734375,-0.078125,747
748,1728004565607,0.014892578,0.11224365,-0.95318604,-0.265625,0.71875,-0.15625,748
749,1728004565647,0.015380859,0.116882324,-0.9529419,-0.296875,0.5625,-0.203125,749
750,1728004565687,0.015136719,0.10614014,-0.96466064,-0.328125,0.640625,-0.078125,750
751,1728004565727,0.015380859,0.11468506,-0.9627075,-0.390625,0.546875,-0.046875,751
752,1728004565767,0.01586914,0.11663818,-0.9649048,-0.265625,0.5,-0.1875,752
753,1728004565807,0.0107421875,0.11663818,-0.9656372,-0.234375,0.25,-0.0625,753
754,1728004565847,0.01586914,0.10467529,-0.95269775,-0.109375,0.296875,-0.21875,754
755,1728004565887,0.007080078,0.105895996,-0.9536743,0.171875,0.390625,-0.265625,755
756,1728004565927,0.009521484,0.10394287,-0.9627075,-0.40625,0.484375,-0.171875,756
757,1728004565967,0.011230469,0.10467529,-0.9578247,-0.34375,0.296875,-0.0625,757
758,1728004566007,0.009765625,0.109802246,-0.96173096,-0.1875,0.3125,-0.203125,758
759,1728004566047,0.0126953125,0.11444092,-0.9631958,-0.125,0.40625,-0.203125,759
